{
  "$id": "https://unmogrowp/schemas/event.install.json",
  "type": "object",
  "required": ["eventId", "timestamp", "deviceId", "campaign"],
  "properties": {
    "eventId": { "type": "string", "format": "uuid" },
    "timestamp": { "type": "string", "format": "date-time" },
    "deviceId": { "type": "string" },
    "campaign": { "type": "string" },
    "source": { "type": "string", "enum": ["ad_network", "organic", "cross"] },
    "metadata": { "type": "object", "additionalProperties": true }
  },
  "additionalProperties": false
}
